<?xml version="1.0" encoding="UTF-8"?>
<extension>
    <id>camillafir-dsp-0586094f-528c-4a5f-affe-80be006c92fd</id>
    <version>0.1.3</version>
    <name>CamillaFIR DSP</name>
    <module>Plugins::CamillaFIR::Plugin</module>
    <description>Convolution FIR processing with CamillaDSP integration</description>
    <creator>Informatica Melizzi</creator>
    <email>support@informaticamelizzi.it</email>
    <homepageURL>https://github.com/InformaticaMelizzi/camillafir-lms-repo</homepageURL>
    <icon>plugins/CamillaFIR/html/images/camillafir.png</icon>
    <defaultState>enabled</defaultState>
    <targetApplication>
        <id>SqueezeCenter</id>
        <minVersion>0.0</minVersion>
        <maxVersion>*</maxVersion>
    </targetApplication>
    <type>2</type>
    <optionsURL>plugins/CamillaFIR/settings/basic.html</optionsURL>
</extension>
