<?xml version="1.0"?>
<extension>
  <id>CAMILLAFIR-PLUGIN-0001</id>
  <name>CamillaFIR</name>
  <module>Plugins::CamillaFIR::Plugin</module>
  <category>tools</category>
  <version>0.1</version>
  <description>Convolution FIR processing with CamillaDSP</description>
  <creator>Informatica Melizzi</creator>
  <defaultState>enabled</defaultState>
  <type>2</type>
  <targetApplication>
    <id>SqueezeCenter</id>
    <minVersion>7.9</minVersion>
    <maxVersion>*</maxVersion>
  </targetApplication>
</extension>
